Name,Price,Brand,
Notebook  Acer Aspire 3  Ryzen 7 +15'6 + 16gb Ram +256 Ssd ,749.990,Vendido por Acer
Notebook Hp Amd Athlon Silver 4gb Ram 128ssd W10 14´,459.990,No info
Matebook Huawei D14 Ram8gb Disco Duro512gb Gris,649.990,Vendido por Huawei
Notebook Hp Amd Ryzen 7 Táctil 12gb Ram 2tb W10 15.6´,799.990,No info
Notebook Acer Amd Ryzen 3 12gb Ram 256ssd Vega W10 15.6 Fhd,549.990,No info
Notebook Hp Intel Pentium 4gb 500gb 15.6'',389.990,Vendido por HP
Notebook Hp 14-cm0029la Amd A4-9125. Ram 4gb. Hdd 500gb 14´´,369.990,No info
Notebook Hp 14-ck0027la Intel Celeron N4000 8gb 500 Gb 14.0 ,389.990,No info
Notebook Hp 14-dq1002la I3-1005g1 8gb Ram 256gb Ssd,549.990,Vendido por HP
Notebook Acer 14' + Amd Ryzen 3 +12 Gb Ram + 128 Ssd ,549.990,Vendido por Acer
Notebook Dell Intel Core I7 16gb Ram 256ssd Nvidia Mx130 W10,999.990,Vendido por Mercado Libre Electronica
Notebook Hp 240 G7 Core N4020/4gb/500gb/14/w10h,339.990,No info
Notebook Huawei Matebook D15 Ram 8gb Disco Duro 256gb Platea,699.990,Vendido por Huawei
Notebook Hp 14-dq1004la Intel Core I5 8gb Ssd 256gb,599.990,Vendido por HP
Notebook Hp Intel Core I5 4gb 256 Ssd ,579.990,Vendido por HP
Lenovo® Notebook B40-80 Intel Core I5 Ram 4gb Disco 1tb Led,455.990,No info
Notebook Hp 14-cm1047la Amd R3-3200u 8gb 256gb Ssd,429.990,Vendido por HP
Notebook Gamer Lenovo Core I5 8gb 1tb Nvidia Gtx1050 15.6',899.990,No info
Notebook Onn 2 En 1 Core I3 4gb Ram 128ssd W10 13.3,499.990,No info
Notebook Acer Amd Ryzen 5 8gb Ram 256ssd W10 15.6 Fhd,649.990,No info
Notebook Gamer Asus Tuf Ryzen 5 8gb 1tb Gtx1650 15.6 120hz ,899.990,No info
Notebook Huawei Matebook D15 Amd Ryzen 5 8gb Ram 256ssd.,719.990,Vendido por Huawei
Notebook Hp 14-dq100la Intel I3 4gb 256ssd+16gb Optane,479.990,Vendido por HP
Notebook Hp 240 I3 4gb 1tb Win 10 Pro - Nuevos Sellado,469.990,No info
Notebook Hp 240 G7 Intel Core I5-8265u 1tb 4gb 14  W10,554.990,Vendido por HP
Notebook Hp 15-dk0005la I7 8gb Ram 256gb Gaming W10,799.990,Vendido por HP
Notebook Hp Pavilion Gaming 15-dk0015la I5 8256ssd+16op,849.990,Vendido por HP
Notebook Hp 240 G7 I3-8130u 4gb 1tb W10h,499.990,Vendido por CIntegral
Notebook Hp Ryzen 7 8gb 512gb 15.6 ,699.990,Vendido por HP
Macbook Air 2019 1.8 Ghz 128gb 8gb Selladas Con Office 365!!,999.990,No info
Notebook Hp Envy I5 24gb(8gb +16optane) 256ssd 13.3,829.990,No info
Notebook Huawei Matebook 13 Amd Ram 8gb Disco Duro 512gb Ssd,799.990,Vendido por Huawei
Notebook Hp Pav Gaming 15-dk0015la I5-9300h 8gb 256gb Ssd,649.990,Vendido por HP
Notebook Hp 240 G7 Intel I5 8gb 1tb 14'' Sin Sistema Metinca,699.990,No info
Hp 240 G7 Intel Core I5-8265u/8g/1tb  ,544.900,No info
Notebook Hp 15-cs1001la Intel Core I5 8gb 256gb ,814.990,Vendido por HP
Notebook Empresarial Dell Latitude E6440 Intel Core I5 4a G,180.000,No info
Lenovo M79 Amd Pro A4-8350b 3.5ghz 8gb Enviogratis 12cuotas,139.990,No info
Lenovo Notebook V14-iil I5-1035g1 Ssd 256gb 8gb W10,549.990,No info
Cargador Alternativo Macbook 60w 16.5v 3.65a Magsafe1,24.990,No info
Cargador Alternativo Macbook Pro 60w 16.5v 3.65a Magsafe 2,23.990,No info
Notebook Hp 240 G7 Core I7 8gb Ram 1tb Win10 Pro 14´,999.990,No info
Cargador Alternativo Macbook Air 45w 14.5v 3.1a Magsafe 1,24.990,No info
Notebook Hp 15-dh0006la Intel Core I7 16gb 512gbssd Rtx 2080,2.029.990,Vendido por HP
Cargador Alter Macbook Air Retina 45w 14.5v 3.05a Mag 2 ,24.990,No info
Notebook Gamer Hp I7 16gb Ram 1tb + 256ssd Gtx 1660ti 6gb,1.999.990,No info
Notebook Hp Envy X360 Convertible 15-cn0001la I5-8250u 12gb1,999.990,Vendido por HP
Notebook Probook 450 G6 Hp I7 8g 1tb 15.6 ,999.990,Vendido por HP
Notebook Hp Pav 15-cs3010la I7-1065g7 12gb 512gb Ssd 32gb Op,929.990,Vendido por HP
Notebook Hp Zbook Intel Core I7-9750h 16gb 1tb 4gb W10p,1.539.990,Vendido por HP
