Name,Price,
Narcos - Rise of The Cartels PS4,29.990
Escape Game: Fort Boyard PS4,34.990
Warhammer 40 000: Mechanicus PS4,44.990
Ghost of Tsushima PS4,56.990
Carnival Games PS4,19.990
Baldurs Gate: Enhanced Edition Pack PS4,24.990
Forager PS4,34.990
Moving Out PS4,34.990
Overcooked! + Overcooked! 2 PS4,39.990
Crash Team Racing + Crash Bandicoot N.Sane PS4,59.990
Duck Game PS4,39.990
Azure Striker Gunvolt: Striker Pack PS4,39.990
Hunting Simulator 2 PS4,39.990
F1 2020 PS4,56.990
The Last of Us Part II Special Edition PS4,99.990
The Last of Us Part II PS4,56.990
Mortal Kombat 11: Aftermath Kollection PS4,56.990
Predator: Hunting Grounds PS4,39.990
Soccer  Tactics & Glory PS4,39.990
Death Mark PS4,27.990
Trials of Mana PS4,49.990
Langrisser I & II PS4,49.990
Aces of The Luftwaffe - Squadron Edition PS4,19.990
Final Fantasy VII Remake 1st Class Edition PS4,999.990
Final Fantasy VII Remake PS4,54.990
Doom: Eternal PS4,54.990
Persona 5 Royal Launch Edition PS4,59.990
One Piece: Pirate Warriors 4 PS4,44.990
Persona 5 Royal Phantom Thieves Edition PS4,99.990
MLB The Show 20 PS4,54.990
